{"class_labels": [[[0.0, 0.0, 1.0, 0.0, 0.0, 0.0, 0.0, 0.0, 0.0, 0.0, 0.0, 0.0, 0.0, 0.0, 0.0], [0.0, 0.0, 0.0, 0.0, 1.0, 0.0, 0.0, 0.0, 0.0, 0.0, 0.0, 0.0, 0.0, 0.0, 0.0], [0.0, 0.0, 0.0, 0.0, 0.0, 1.0, 0.0, 0.0, 0.0, 0.0, 0.0, 0.0, 0.0, 0.0, 0.0], [0.0, 0.0, 0.0, 0.0, 0.0, 0.0, 0.0, 0.0, 0.0, 0.0, 1.0, 0.0, 0.0, 0.0, 0.0], [0.0, 0.0, 0.0, 0.0, 0.0, 0.0, 0.0, 0.0, 0.0, 0.0, 0.0, 1.0, 0.0, 0.0, 0.0], [0.0, 0.0, 0.0, 0.0, 0.0, 0.0, 0.0, 0.0, 0.0, 0.0, 0.0, 0.0, 0.0, 0.0, 1.0], [0.0, 0.0, 0.0, 0.0, 0.0, 0.0, 0.0, 0.0, 0.0, 0.0, 0.0, 0.0, 0.0, 0.0, 1.0]], [[0.0, 0.0, 0.0, 0.0, 1.0, 0.0, 0.0, 0.0, 0.0, 0.0, 0.0, 0.0, 0.0, 0.0, 0.0], [0.0, 0.0, 1.0, 0.0, 0.0, 0.0, 0.0, 0.0, 0.0, 0.0, 0.0, 0.0, 0.0, 0.0, 0.0], [0.0, 0.0, 0.0, 0.0, 0.0, 0.0, 0.0, 1.0, 0.0, 0.0, 0.0, 0.0, 0.0, 0.0, 0.0], [0.0, 0.0, 0.0, 0.0, 0.0, 1.0, 0.0, 0.0, 0.0, 0.0, 0.0, 0.0, 0.0, 0.0, 0.0], [0.0, 0.0, 0.0, 0.0, 0.0, 0.0, 0.0, 0.0, 0.0, 0.0, 1.0, 0.0, 0.0, 0.0, 0.0], [0.0, 0.0, 0.0, 0.0, 0.0, 0.0, 0.0, 0.0, 0.0, 0.0, 0.0, 0.0, 0.0, 0.0, 1.0], [0.0, 0.0, 0.0, 0.0, 0.0, 0.0, 0.0, 0.0, 0.0, 0.0, 0.0, 0.0, 0.0, 0.0, 1.0]], [[0.0, 0.0, 1.0, 0.0, 0.0, 0.0, 0.0, 0.0, 0.0, 0.0, 0.0, 0.0, 0.0, 0.0, 0.0], [0.0, 0.0, 0.0, 0.0, 1.0, 0.0, 0.0, 0.0, 0.0, 0.0, 0.0, 0.0, 0.0, 0.0, 0.0], [0.0, 0.0, 0.0, 0.0, 0.0, 0.0, 0.0, 1.0, 0.0, 0.0, 0.0, 0.0, 0.0, 0.0, 0.0], [0.0, 0.0, 0.0, 0.0, 0.0, 0.0, 0.0, 0.0, 0.0, 0.0, 0.0, 0.0, 0.0, 0.0, 1.0], [0.0, 0.0, 0.0, 0.0, 0.0, 0.0, 0.0, 0.0, 0.0, 0.0, 0.0, 0.0, 0.0, 0.0, 1.0]], [[0.0, 0.0, 1.0, 0.0, 0.0, 0.0, 0.0, 0.0, 0.0, 0.0, 0.0, 0.0, 0.0, 0.0, 0.0], [0.0, 0.0, 1.0, 0.0, 0.0, 0.0, 0.0, 0.0, 0.0, 0.0, 0.0, 0.0, 0.0, 0.0, 0.0], [0.0, 0.0, 0.0, 0.0, 1.0, 0.0, 0.0, 0.0, 0.0, 0.0, 0.0, 0.0, 0.0, 0.0, 0.0], [0.0, 0.0, 0.0, 0.0, 0.0, 0.0, 0.0, 1.0, 0.0, 0.0, 0.0, 0.0, 0.0, 0.0, 0.0], [0.0, 0.0, 0.0, 0.0, 0.0, 1.0, 0.0, 0.0, 0.0, 0.0, 0.0, 0.0, 0.0, 0.0, 0.0], [0.0, 0.0, 0.0, 0.0, 0.0, 0.0, 0.0, 0.0, 0.0, 0.0, 0.0, 0.0, 0.0, 0.0, 1.0], [0.0, 0.0, 0.0, 0.0, 0.0, 0.0, 0.0, 0.0, 0.0, 0.0, 0.0, 0.0, 0.0, 0.0, 1.0]]], "translations": [[[1.2468328475952148, -0.0006266925483942032, -0.6507949829101562], [-0.7256970405578613, -0.0023477172944694757, -1.597364902496338], [-0.5562658309936523, -0.0011635953560471535, -1.152707576751709], [-0.6714167594909668, -0.00248186313547194, 0.04023313522338867], [-0.4417605400085449, 0.0020147361792623997, 1.4652786254882812], [0.009860515594482422, -0.0007361583411693573, -0.052346229553222656], [-5.667611598968506, -0.004671919625252485, -5.710085868835449]], [[-0.6432347297668457, 0.0006698733195662498, 0.6223950386047363], [1.4235329627990723, 2.2653955966234207e-05, 0.7549748420715332], [-0.12946748733520508, 2.1873137950897217, 0.14272356033325195], [-0.2757906913757324, -0.0007159458473324776, 0.8968062400817871], [-0.3018832206726074, 0.0009515690617263317, -1.1377453804016113], [0.0001201629638671875, 0.0003628591075539589, -0.008382320404052734], [-5.655309200286865, -0.0034372666850686073, -5.700104713439941]], [[-1.421701431274414, 0.00918574258685112, 0.31301164627075195], [0.35372161865234375, 0.004536699969321489, 0.8441567420959473], [0.14584064483642578, 2.229240655899048, 0.26998281478881836], [-0.06644916534423828, -0.0005533965304493904, -0.02034473419189453], [-5.594715595245361, -0.0010817886795848608, -5.6144514083862305]], [[-1.3937101364135742, 0.0005045579746365547, -0.004568576812744141], [0.780158519744873, 0.001237307209521532, 0.9223713874816895], [-0.12466716766357422, -0.0002209572121500969, -0.2110595703125], [0.03805732727050781, 2.244035243988037, -0.005154132843017578], [0.33269643783569336, -0.0012416786048561335, -0.21319198608398438], [0.021030426025390625, 0.0011583729647099972, -0.049062252044677734], [-5.674271106719971, -0.004312459379434586, -5.70664644241333]]], "sizes": [[[3.892972230911255, 2.310436964035034, 0.48638415336608887], [0.8614132404327393, 0.8372184634208679, 0.8068332076072693], [1.4235743284225464, 0.6947270631790161, 0.648189902305603], [2.430629014968872, 0.9489625692367554, 1.196614384651184], [0.7768259048461914, 0.45795854926109314, 0.8985785841941833], [3.100705862045288, -0.001748202834278345, 4.8488545417785645], [0.06761685013771057, 2.1311827367753722e-05, 0.02435179054737091]], [[0.7520908713340759, 0.4992446303367615, 0.8760080337524414], [0.8669925332069397, 1.9281413555145264, 0.4175724685192108], [0.3859871029853821, 0.6271110773086548, 0.3868275284767151], [2.091555118560791, 0.8364150524139404, 0.8463176488876343], [2.1838791370391846, 0.8204827308654785, 0.9462156891822815], [3.2129251956939697, -0.00011394442117307335, 3.422473430633545], [0.06268589943647385, 0.00014897178334649652, 0.028194282203912735]], [[1.6204882860183716, 2.337508201599121, 0.370484858751297], [0.9153804183006287, 0.8259294033050537, 0.8541580438613892], [0.33362385630607605, 0.6276764273643494, 0.357181578874588], [3.721029281616211, 0.0016939736669883132, 3.2159605026245117], [0.057199910283088684, 0.0010367886861786246, 0.06128937005996704]], [[3.5688278675079346, 2.410430431365967, 0.31396421790122986], [0.6401242017745972, 2.0671753883361816, 0.3462839722633362], [0.6163553595542908, 0.7491039633750916, 0.615276575088501], [0.6567267179489136, 0.3185698091983795, 0.6292943358421326], [2.0637803077697754, 0.80561363697052, 1.0746376514434814], [2.6636974811553955, -0.001120453467592597, 2.843205213546753], [0.061260487884283066, 0.0032363380305469036, 0.02250700816512108]]], "angles": [[[-1.5737898349761963], [-0.31945914030075073], [1.5704339742660522], [1.5687190294265747], [-7.645631558261812e-05], [6.60340374452062e-05], [-0.9998942613601685]], [[-0.00015420778072439134], [-1.5715667009353638], [-0.0007664545555599034], [3.1391420364379883], [-0.0006565125077031553], [-0.000513289007358253], [-1.0002528429031372]], [[1.5700217485427856], [-2.8204355239868164], [-0.0006101585458964109], [8.977884135674685e-05], [-1.0043939352035522]], [[1.568708896636963], [-3.1408755779266357], [1.562428593635559], [-0.00048293202416971326], [-0.0002703880600165576], [-0.0005336396861821413], [-1.0001931190490723]]],