{
  "summary": {
    "instance_count": 50,
    "average_walkability": 0.20732738652318677
  },
  "scenes": {
    "SecondBedroom-30034": {
      "walkability_score": 0.08774672098962517,
      "walkable_area": 0.5,
      "total_area": 5.6982186269857085,
      "navigable_points": 8
    },
    "MasterBedroom-33296": {
      "walkability_score": 0.06548558440030941,
      "walkable_area": 1.0,
      "total_area": 15.270536396026651,
      "navigable_points": 16
    },
    "MasterBedroom-10364": {
      "walkability_score": 0.31486476989710166,
      "walkable_area": 3.8125,
      "total_area": 12.108372750771487,
      "navigable_points": 61
    },
    "SecondBedroom-11303": {
      "walkability_score": 0.35371255250438144,
      "walkable_area": 3.5625,
      "total_area": 10.07173755858119,
      "navigable_points": 57
    },
    "MasterBedroom-6399": {
      "walkability_score": 0.16542219430734037,
      "walkable_area": 1.375,
      "total_area": 8.312064809425554,
      "navigable_points": 22
    },
    "SecondBedroom-19119": {
      "walkability_score": 0.280001729110816,
      "walkable_area": 3.875,
      "total_area": 13.839200251747,
      "navigable_points": 62
    },
    "SecondBedroom-860": {
      "walkability_score": 0.1565507773632365,
      "walkable_area": 1.5,
      "total_area": 9.581555743537633,
      "navigable_points": 24
    },
    "Bedroom-2719": {
      "walkability_score": 0.07903571385437731,
      "walkable_area": 0.75,
      "total_area": 9.489380982651326,
      "navigable_points": 12
    },
    "MasterBedroom-196": {
      "walkability_score": 0.2504174607019345,
      "walkable_area": 2.4375,
      "total_area": 9.733746173959068,
      "navigable_points": 39
    },
    "MasterBedroom-132469": {
      "walkability_score": 0.13899455911437344,
      "walkable_area": 1.1875,
      "total_area": 8.543499886372175,
      "navigable_points": 19
    },
    "Bedroom-12864": {
      "walkability_score": 0.25101107269889683,
      "walkable_area": 2.375,
      "total_area": 9.461733996288515,
      "navigable_points": 38
    },
    "SecondBedroom-15551": {
      "walkability_score": 0.17238915905474286,
      "walkable_area": 1.5625,
      "total_area": 9.063795012213163,
      "navigable_points": 25
    },
    "Bedroom-18": {
      "walkability_score": 0.3142259539191356,
      "walkable_area": 3.125,
      "total_area": 9.945072840177302,
      "navigable_points": 50
    },
    "SecondBedroom-266050": {
      "walkability_score": 0.10240972583996046,
      "walkable_area": 1.375,
      "total_area": 13.42645914460082,
      "navigable_points": 22
    },
    "SecondBedroom-2787": {
      "walkability_score": 0.2096503969143916,
      "walkable_area": 1.0625,
      "total_area": 5.067960832117384,
      "navigable_points": 17
    },
    "MasterBedroom-514": {
      "walkability_score": 0.2874093741407664,
      "walkable_area": 1.5,
      "total_area": 5.2190364510008465,
      "navigable_points": 24
    },
    "MasterBedroom-1362": {
      "walkability_score": 0.22110763939243133,
      "walkable_area": 2.4375,
      "total_area": 11.024042437872625,
      "navigable_points": 39
    },
    "SecondBedroom-13841": {
      "walkability_score": 0.24203131716172993,
      "walkable_area": 1.6875,
      "total_area": 6.972238220198506,
      "navigable_points": 27
    },
    "Bedroom-6993": {
      "walkability_score": 0.2840848661477284,
      "walkable_area": 3.125,
      "total_area": 11.000233987737147,
      "navigable_points": 50
    },
    "SecondBedroom-35821": {
      "walkability_score": 0.03567105659287926,
      "walkable_area": 0.25,
      "total_area": 7.0084831759624855,
      "navigable_points": 4
    },
    "MasterBedroom-935": {
      "walkability_score": 0.24585745461884068,
      "walkable_area": 4.0,
      "total_area": 16.269590060636176,
      "navigable_points": 64
    },
    "Bedroom-18055": {
      "walkability_score": 0.18848846742386302,
      "walkable_area": 1.5625,
      "total_area": 8.28963183453729,
      "navigable_points": 25
    },
    "SecondBedroom-739": {
      "walkability_score": 0.08715411533783016,
      "walkable_area": 0.375,
      "total_area": 4.302722809432583,
      "navigable_points": 6
    },
    "SecondBedroom-22370": {
      "walkability_score": 0.1537946054918831,
      "walkable_area": 1.375,
      "total_area": 8.94049564093826,
      "navigable_points": 22
    },
    "SecondBedroom-1145": {
      "walkability_score": 0.11687432399296382,
      "walkable_area": 0.875,
      "total_area": 7.486674319097474,
      "navigable_points": 14
    },
    "MasterBedroom-12352": {
      "walkability_score": 0.3906706736398906,
      "walkable_area": 2.4375,
      "total_area": 6.239270476306138,
      "navigable_points": 39
    },
    "MasterBedroom-6351": {
      "walkability_score": 0.3509765430480288,
      "walkable_area": 2.1875,
      "total_area": 6.2326102508242425,
      "navigable_points": 35
    },
    "SecondBedroom-52584": {
      "walkability_score": 0.09975494623670532,
      "walkable_area": 0.75,
      "total_area": 7.518424181396971,
      "navigable_points": 12
    },
    "SecondBedroom-11167": {
      "walkability_score": 0.27581882964282367,
      "walkable_area": 3.25,
      "total_area": 11.783096912595283,
      "navigable_points": 52
    },
    "Bedroom-47437": {
      "walkability_score": 0.02312293717115738,
      "walkable_area": 0.125,
      "total_area": 5.405887629012804,
      "navigable_points": 2
    },
    "SecondBedroom-6482": {
      "walkability_score": 0.33321246088453854,
      "walkable_area": 4.5625,
      "total_area": 13.692465125369223,
      "navigable_points": 73
    },
    "SecondBedroom-69136": {
      "walkability_score": 0.24428408113402345,
      "walkable_area": 3.3125,
      "total_area": 13.560032174927672,
      "navigable_points": 53
    },
    "MasterBedroom-21684": {
      "walkability_score": 0.1322180783985231,
      "walkable_area": 1.5625,
      "total_area": 11.817597252400043,
      "navigable_points": 25
    },
    "MasterBedroom-104323": {
      "walkability_score": 0.32737137006269906,
      "walkable_area": 1.3125,
      "total_area": 4.009208257119816,
      "navigable_points": 21
    },
    "MasterBedroom-4089": {
      "walkability_score": 0.09454867301573402,
      "walkable_area": 0.9375,
      "total_area": 9.915527845049596,
      "navigable_points": 15
    },
    "SecondBedroom-19262": {
      "walkability_score": 0.22082599970800149,
      "walkable_area": 2.9375,
      "total_area": 13.30232854774465,
      "navigable_points": 47
    },
    "MasterBedroom-18415": {
      "walkability_score": 0.2856610164399269,
      "walkable_area": 4.25,
      "total_area": 14.877773848759492,
      "navigable_points": 68
    },
    "MasterBedroom-118594": {
      "walkability_score": 0.208396167761984,
      "walkable_area": 2.5625,
      "total_area": 12.296291373873602,
      "navigable_points": 41
    },
    "Bedroom-87322": {
      "walkability_score": 0.30304471937993066,
      "walkable_area": 3.8125,
      "total_area": 12.580651488667668,
      "navigable_points": 61
    },
    "Bedroom-430": {
      "walkability_score": 0.0511882780471458,
      "walkable_area": 0.25,
      "total_area": 4.883930648531353,
      "navigable_points": 4
    },
    "MasterBedroom-9404": {
      "walkability_score": 0.19941722876902188,
      "walkable_area": 3.125,
      "total_area": 15.670662055080406,
      "navigable_points": 50
    },
    "MasterBedroom-7894": {
      "walkability_score": 0.26368060812000865,
      "walkable_area": 3.3125,
      "total_area": 12.56254687675927,
      "navigable_points": 53
    },
    "MasterBedroom-27127": {
      "walkability_score": 0.19883472960843265,
      "walkable_area": 2.0,
      "total_area": 10.05860497277624,
      "navigable_points": 32
    },
    "SecondBedroom-69556": {
      "walkability_score": 0.2809049077903591,
      "walkable_area": 3.3125,