{"class_labels": [[[0.0, 1.0, 0.0, 0.0, 0.0, 0.0, 0.0, 0.0, 0.0, 0.0, 0.0, 0.0, 0.0, 0.0, 0.0], [0.0, 0.0, 0.0, 0.0, 0.0, 0.0, 0.0, 0.0, 1.0, 0.0, 0.0, 0.0, 0.0, 0.0, 0.0], [0.0, 0.0, 0.0, 0.0, 0.0, 0.0, 0.0, 0.0, 1.0, 0.0, 0.0, 0.0, 0.0, 0.0, 0.0], [0.0, 0.0, 0.0, 0.0, 0.0, 0.0, 0.0, 1.0, 0.0, 0.0, 0.0, 0.0, 0.0, 0.0, 0.0], [0.0, 0.0, 0.0, 0.0, 0.0, 0.0, 0.0, 0.0, 0.0, 0.0, 0.0, 0.0, 0.0, 0.0, 1.0], [0.0, 0.0, 0.0, 0.0, 0.0, 0.0, 0.0, 0.0, 0.0, 0.0, 0.0, 0.0, 0.0, 0.0, 1.0]], [[0.0, 1.0, 0.0, 0.0, 0.0, 0.0, 0.0, 0.0, 0.0, 0.0, 0.0, 0.0, 0.0, 0.0, 0.0], [0.0, 0.0, 0.0, 0.0, 0.0, 0.0, 0.0, 0.0, 1.0, 0.0, 0.0, 0.0, 0.0, 0.0, 0.0], [0.0, 0.0, 0.0, 0.0, 0.0, 0.0, 0.0, 1.0, 0.0, 0.0, 0.0, 0.0, 0.0, 0.0, 0.0], [0.0, 0.0, 0.0, 0.0, 0.0, 0.0, 0.0, 0.0, 0.0, 0.0, 0.0, 0.0, 0.0, 1.0, 0.0], [0.0, 0.0, 0.0, 0.0, 0.0, 0.0, 0.0, 0.0, 0.0, 0.0, 0.0, 0.0, 0.0, 0.0, 1.0], [0.0, 0.0, 0.0, 0.0, 0.0, 0.0, 0.0, 0.0, 0.0, 0.0, 0.0, 0.0, 0.0, 0.0, 1.0]], [[0.0, 0.0, 0.0, 0.0, 0.0, 0.0, 0.0, 1.0, 0.0, 0.0, 0.0, 0.0, 0.0, 0.0, 0.0], [0.0, 1.0, 0.0, 0.0, 0.0, 0.0, 0.0, 0.0, 0.0, 0.0, 0.0, 0.0, 0.0, 0.0, 0.0], [0.0, 0.0, 1.0, 0.0, 0.0, 0.0, 0.0, 0.0, 0.0, 0.0, 0.0, 0.0, 0.0, 0.0, 0.0], [0.0, 0.0, 0.0, 0.0, 0.0, 0.0, 0.0, 0.0, 0.0, 0.0, 0.0, 0.0, 0.0, 1.0, 0.0], [0.0, 0.0, 0.0, 0.0, 0.0, 0.0, 0.0, 0.0, 0.0, 0.0, 0.0, 0.0, 0.0, 0.0, 1.0], [0.0, 0.0, 0.0, 0.0, 0.0, 0.0, 0.0, 0.0, 0.0, 0.0, 0.0, 0.0, 0.0, 0.0, 1.0]], [[0.0, 0.0, 0.0, 0.0, 0.0, 0.0, 0.0, 0.0, 0.0, 0.0, 0.0, 0.0, 0.0, 1.0, 0.0], [0.0, 1.0, 0.0, 0.0, 0.0, 0.0, 0.0, 0.0, 0.0, 0.0, 0.0, 0.0, 0.0, 0.0, 0.0], [0.0, 0.0, 0.0, 0.0, 0.0, 0.0, 0.0, 0.0, 0.0, 0.0, 0.0, 1.0, 0.0, 0.0, 0.0], [0.0, 0.0, 0.0, 0.0, 1.0, 0.0, 0.0, 0.0, 0.0, 0.0, 0.0, 0.0, 0.0, 0.0, 0.0], [0.0, 0.0, 0.0, 0.0, 0.0, 0.0, 0.0, 1.0, 0.0, 0.0, 0.0, 0.0, 0.0, 0.0, 0.0], [0.0, 0.0, 0.0, 0.0, 0.0, 0.0, 0.0, 0.0, 0.0, 0.0, 0.0, 0.0, 0.0, 0.0, 1.0], [0.0, 0.0, 0.0, 0.0, 0.0, 0.0, 0.0, 0.0, 0.0, 0.0, 0.0, 0.0, 0.0, 0.0, 1.0]], [[0.0, 0.0, 0.0, 0.0, 0.0, 0.0, 0.0, 1.0, 0.0, 0.0, 0.0, 0.0, 0.0, 0.0, 0.0], [0.0, 1.0, 0.0, 0.0, 0.0, 0.0, 0.0, 0.0, 0.0, 0.0, 0.0, 0.0, 0.0, 0.0, 0.0], [0.0, 0.0, 0.0, 0.0, 0.0, 0.0, 0.0, 0.0, 0.0, 0.0, 0.0, 1.0, 0.0, 0.0, 0.0], [0.0, 0.0, 0.0, 0.0, 0.0, 0.0, 0.0, 0.0, 0.0, 0.0, 0.0, 0.0, 0.0, 0.0, 1.0], [0.0, 0.0, 0.0, 0.0, 0.0, 0.0, 0.0, 0.0, 0.0, 0.0, 0.0, 0.0, 0.0, 0.0, 1.0]]], "translations": [[[-0.7924485206604004, 0.0063519771210849285, 0.2408275604248047], [-1.2410993576049805, -0.0010440235491842031, -1.1687421798706055], [-1.272862434387207, 0.00016424665227532387, 1.5756244659423828], [-0.308596134185791, 1.7385293245315552, 0.6880993843078613], [-0.012108325958251953, 0.001280816737562418, -0.00530242919921875], [-5.672591209411621, -0.004955104552209377, -5.713993549346924]], [[-0.20004558563232422, 0.01015380583703518, 1.0192127227783203], [-1.472829818725586, 0.004586273338645697, 2.0520381927490234], [-0.11139774322509766, 1.8438557386398315, 0.7633705139160156], [0.34374189376831055, -0.0017133699730038643, -1.3869237899780273], [0.00861358642578125, 0.000447751022875309, 0.09463977813720703], [-5.680248737335205, -0.0037064095959067345, -5.716305255889893]], [[0.6077151298522949, 2.301165819168091, -0.5999264717102051], [0.8641400337219238, 0.0012376261875033379, -0.5777463912963867], [-0.33456945419311523, 0.004008839372545481, 1.6277556419372559], [-1.4466204643249512, 0.001059119589626789, -0.9189519882202148], [-0.0682826042175293, 0.000509877223521471, 0.006323814392089844], [-5.672493934631348, -0.003701622597873211, -5.716127395629883]], [[1.895923137664795, 0.0001039290800690651, -0.23705816268920898], [-0.04844045639038086, -0.0011363618541508913, -0.6116290092468262], [-1.5881528854370117, -0.0006956271827220917, -1.240973949432373], [-1.3547039031982422, 0.0011290116235613823, -0.43063974380493164], [-0.9921512603759766, 2.0327565670013428, 0.21948862075805664], [-0.0013370513916015625, -0.0007506259717047215, 0.015691757202148438], [-5.668701171875, -0.004507136065512896, -5.71157693862915]], [[0.16398286819458008, 1.9765427112579346, -0.7575774192810059], [0.48470067977905273, -0.011849414557218552, 0.8692722320556641], [1.218034267425537, 0.0013686870224773884, -1.252851963043213], [-0.005351066589355469, -0.000278509221971035, -0.0014257431030273438], [-5.654860019683838, -0.0038984264247119427, -5.723870277404785]]], "sizes": [[[2.0853939056396484, 0.8792906403541565, 2.2122950553894043], [0.5308739542961121, 0.659149169921875, 0.33101537823677063], [0.5584887862205505, 0.6837303638458252, 0.4658539891242981], [0.9644227027893066, 0.9137179851531982, 0.2955213785171509], [3.0834898948669434, -0.0030009583570063114, 4.388352394104004], [0.06972597539424896, -0.0003717964282259345, 0.019205467775464058]], [[1.7461748123168945, 0.8438049554824829, 2.1375572681427], [0.7679474949836731, 0.5095595717430115, 0.5014852285385132], [1.120795488357544, 1.0024619102478027, 0.29008519649505615], [3.0695431232452393, 2.595867156982422, 0.59645676612854], [3.3514351844787598, -0.0011307928944006562, 4.459734916687012], [0.0739484652876854, 0.00227192509919405, 0.017090745270252228]], [[0.6744128465652466, 0.5566760897636414, 0.7302504777908325], [2.358153820037842, 1.1502678394317627, 2.147181987762451], [4.2155537605285645, 2.5624377727508545, 0.3640699088573456], [1.6479988098144531, 2.0185325145721436, 0.5578575730323792], [3.7216031551361084, 2.6587031243252568e-05, 4.3565192222595215], [0.07124824821949005, 0.0007674367516301572, 0.025398125872015953]], [[1.512985110282898, 2.4147427082061768, 0.5692228674888611], [1.7510994672775269, 0.8629302382469177, 2.126800298690796], [0.9556301832199097, 1.3325438499450684, 0.40694087743759155], [0.5422945618629456, 0.4940520226955414, 0.5463802218437195], [0.7208711504936218, 0.6651408672332764, 0.7640753388404846], [4.279795169830322, -1.9623761545517482e-05, 2.8113927841186523], [0.06452492624521255, 0.0002559529384598136, 0.022413115948438644]], [[1.2873057126998901, 0.9161154627799988, 1.2424867153167725], [1.8354411125183105, 1.3506832122802734, 2.4888217449188232], [0.6934680938720703, 0.660683810710907, 0.49228376150131226], [3.2090909481048584, -0.0037975143641233444, 4.3867597579956055], [0.054494038224220276, 0.006138016935437918, 0.015404941514134407]]], "angles": [[[1.5720479488372803], [1.570480227470398], [1.5706377029418945], [-0.002491995692253113], [-0.00015805878501851112], [-0.9999420046806335]], [[1.567015290260315], [1.5711172819137573], [1.5748764276504517], [0.00017573180957697332], [-0.000316477264277637], [-1.0001702308654785]], [[0.003613154636695981], [-1.570690393447876], [-3.1410326957702637], [1.568595290184021], [-0.0005125474417582154], [-1.0003998279571533]], [[-1.572739839553833], [-0.004726744722574949], [0.00043551423004828393], [3.1389403343200684], [-0.005109904799610376], [-0.0003172954893670976], [-1.0004256963729858]], [[0.005532128270715475], [-1.5684258937835693], [-1.5746973752975464], [-0.00028349680360406637], [-0.9995279908180237]]],