{"class_labels": [[[0.0, 1.0, 0.0, 0.0, 0.0, 0.0, 0.0, 0.0, 0.0, 0.0, 0.0, 0.0, 0.0, 0.0, 0.0], [0.0, 0.0, 0.0, 0.0, 0.0, 0.0, 0.0, 0.0, 1.0, 0.0, 0.0, 0.0, 0.0, 0.0, 0.0], [0.0, 0.0, 0.0, 0.0, 0.0, 0.0, 0.0, 0.0, 1.0, 0.0, 0.0, 0.0, 0.0, 0.0, 0.0], [0.0, 0.0, 0.0, 0.0, 0.0, 0.0, 0.0, 1.0, 0.0, 0.0, 0.0, 0.0, 0.0, 0.0, 0.0], [0.0, 0.0, 0.0, 0.0, 0.0, 0.0, 0.0, 0.0, 0.0, 0.0, 0.0, 0.0, 0.0, 0.0, 1.0], [0.0, 0.0, 0.0, 0.0, 0.0, 0.0, 0.0, 0.0, 0.0, 0.0, 0.0, 0.0, 0.0, 0.0, 1.0]], [[0.0, 1.0, 0.0, 0.0, 0.0, 0.0, 0.0, 0.0, 0.0, 0.0, 0.0, 0.0, 0.0, 0.0, 0.0], [0.0, 0.0, 0.0, 0.0, 0.0, 0.0, 0.0, 0.0, 1.0, 0.0, 0.0, 0.0, 0.0, 0.0, 0.0], [0.0, 0.0, 0.0, 0.0, 0.0, 0.0, 0.0, 1.0, 0.0, 0.0, 0.0, 0.0, 0.0, 0.0, 0.0], [0.0, 0.0, 0.0, 0.0, 0.0, 0.0, 0.0, 0.0, 0.0, 0.0, 0.0, 0.0, 0.0, 1.0, 0.0], [0.0, 0.0, 0.0, 0.0, 0.0, 0.0, 0.0, 0.0, 0.0, 0.0, 0.0, 0.0, 0.0, 0.0, 1.0], [0.0, 0.0, 0.0, 0.0, 0.0, 0.0, 0.0, 0.0, 0.0, 0.0, 0.0, 0.0, 0.0, 0.0, 1.0]], [[0.0, 0.0, 0.0, 0.0, 0.0, 0.0, 0.0, 1.0, 0.0, 0.0, 0.0, 0.0, 0.0, 0.0, 0.0], [0.0, 1.0, 0.0, 0.0, 0.0, 0.0, 0.0, 0.0, 0.0, 0.0, 0.0, 0.0, 0.0, 0.0, 0.0], [0.0, 0.0, 1.0, 0.0, 0.0, 0.0, 0.0, 0.0, 0.0, 0.0, 0.0, 0.0, 0.0, 0.0, 0.0], [0.0, 0.0, 0.0, 0.0, 0.0, 0.0, 0.0, 0.0, 0.0, 0.0, 0.0, 0.0, 0.0, 1.0, 0.0], [0.0, 0.0, 0.0, 0.0, 0.0, 0.0, 0.0, 0.0, 0.0, 0.0, 0.0, 0.0, 0.0, 0.0, 1.0], [0.0, 0.0, 0.0, 0.0, 0.0, 0.0, 0.0, 0.0, 0.0, 0.0, 0.0, 0.0, 0.0, 0.0, 1.0]], [[0.0, 0.0, 0.0, 0.0, 0.0, 0.0, 0.0, 0.0, 0.0, 0.0, 0.0, 0.0, 0.0, 1.0, 0.0], [0.0, 1.0, 0.0, 0.0, 0.0, 0.0, 0.0, 0.0, 0.0, 0.0, 0.0, 0.0, 0.0, 0.0, 0.0], [0.0, 0.0, 0.0, 0.0, 0.0, 0.0, 0.0, 0.0, 0.0, 0.0, 0.0, 1.0, 0.0, 0.0, 0.0], [0.0, 0.0, 0.0, 0.0, 1.0, 0.0, 0.0, 0.0, 0.0, 0.0, 0.0, 0.0, 0.0, 0.0, 0.0], [0.0, 0.0, 0.0, 0.0, 0.0, 0.0, 0.0, 1.0, 0.0, 0.0, 0.0, 0.0, 0.0, 0.0, 0.0], [0.0, 0.0, 0.0, 0.0, 0.0, 0.0, 0.0, 0.0, 0.0, 0.0, 0.0, 0.0, 0.0, 0.0, 1.0], [0.0, 0.0, 0.0, 0.0, 0.0, 0.0, 0.0, 0.0, 0.0, 0.0, 0.0, 0.0, 0.0, 0.0, 1.0]], [[0.0, 0.0, 0.0, 0.0, 0.0, 0.0, 0.0, 1.0, 0.0, 0.0, 0.0, 0.0, 0.0, 0.0, 0.0], [0.0, 1.0, 0.0, 0.0, 0.0, 0.0, 0.0, 0.0, 0.0, 0.0, 0.0, 0.0, 0.0, 0.0, 0.0], [0.0, 0.0, 0.0, 0.0, 0.0, 0.0, 0.0, 0.0, 0.0, 0.0, 0.0, 1.0, 0.0, 0.0, 0.0], [0.0, 0.0, 0.0, 0.0, 0.0, 0.0, 0.0, 0.0, 0.0, 0.0, 0.0, 0.0, 0.0, 0.0, 1.0], [0.0, 0.0, 0.0, 0.0, 0.0, 0.0, 0.0, 0.0, 0.0, 0.0, 0.0, 0.0, 0.0, 0.0, 1.0]]], "translations": [[[-0.38033056259155273, 0.0025466391816735268, 0.1322193741798401], [-1.2072372436523438, 0.0004662610590457916, -1.1619044542312622], [-1.2596487998962402, 0.0006177467294037342, 1.4806499481201172], [-0.0765542984008789, 1.791161060333252, 0.15690088272094727], [-0.011930465698242188, 0.0011912444606423378, -0.0027856826782226562], [-5.672567844390869, -0.004938934464007616, -5.7139363288879395]], [[-0.18504023551940918, -0.0009853015653789043, 0.6399502754211426], [-1.4982349872589111, 0.0016255960799753666, 1.7673425674438477], [0.022161006927490234, 1.9829607009887695, 0.33367109298706055], [0.36162710189819336, -0.0027582398615777493, -1.391087532043457], [0.07729196548461914, -0.0008993460796773434, 0.14231538772583008], [-5.672360897064209, -0.004591708537191153, -5.7120041847229]], [[0.22539329528808594, 2.371424913406372, -0.1091299057006836], [0.6628122925758362, 0.0003984966315329075, -0.311981201171875], [-0.2733602523803711, 0.0028347172774374485, 1.402247428894043], [-1.3345751762390137, -0.001400079345330596, -0.6583919525146484], [-0.022357463836669922, 7.467437535524368e-05, 0.003048419952392578], [-5.668259620666504, -0.004338097292929888, -5.716020107269287]], [[1.9595160484313965, 0.0006759371608495712, -0.3507981300354004], [-0.057826995849609375, 0.002767059486359358, -0.2304840087890625], [-1.646852970123291, -0.00040722964331507683, -1.1520657539367676], [-1.35595703125, 0.00201133219525218, -0.5477161407470703], [-0.15642213821411133, 2.0087337493896484, 0.047687530517578125], [-0.010201454162597656, -0.0014463549014180899, -0.02603006362915039], [-5.664942741394043, -0.00442320154979825, -5.710144519805908]], [[-0.05290937423706055, 1.973559856414795, -0.11805963516235352], [0.19256067276000977, -0.0001204279251396656, 0.2532200813293457], [1.1897644996643066, 0.0015644272789359093, -1.2758774757385254], [-0.007152557373046875, -0.000408718828111887, -0.017748355865478516], [-5.6491899490356445, -0.004402244929224253, -5.719218730926514]]], "sizes": [[[2.2232444286346436, 0.8868992924690247, 2.1853153705596924], [0.5911441445350647, 0.658184826374054, 0.3629321753978729], [0.5823823809623718, 0.6824653744697571, 0.4665631651878357], [0.9242931008338928, 0.8972751498222351, 0.2998400926589966], [3.07820200920105, -0.0030980221927165985, 4.398353099822998], [0.06968142837285995, -0.0003660992078948766, 0.019120821729302406]], [[1.9061299562454224, 0.8579134941101074, 2.274702787399292], [0.6802597641944885, 0.5296512246131897, 0.5192146301269531], [0.9594188928604126, 0.911823570728302, 0.15644583106040955], [2.962648630142212, 2.6047422885894775, 0.6123399138450623], [3.268834352493286, -0.0028878580778837204, 4.606542587280273], [0.07110930979251862, 0.0019356835400685668, 0.01928797923028469]], [[0.5679922103881836, 0.5495544672012329, 0.5728132128715515], [2.2084710597991943, 1.154749870300293, 2.2219467163085938], [4.199776649475098, 2.6572721004486084, 0.4497165083885193], [1.746303915977478, 1.9855222702026367, 0.4993947148323059], [3.8318488597869873, -0.0007750330842100084, 4.35261869430542], [0.07247143983840942, 0.0003734844794962555, 0.024416163563728333]], [[1.4354212284088135, 2.4534218311309814, 0.5480361580848694], [1.7212677001953125, 0.8553606271743774, 2.148756265640259], [1.1158112287521362, 1.3608812093734741, 0.4796733260154724], [0.5040810704231262, 0.4581173360347748, 0.5421532392501831], [0.6305556893348694, 0.6856894493103027, 0.6271390914916992], [4.187756538391113, -9.178856271319091e-05, 2.808713912963867], [0.06475189328193665, 0.0007840009056963027, 0.019972259178757668]], [[1.1181306838989258, 0.9959160089492798, 1.1201976537704468], [1.8964624404907227, 1.248943567276001, 2.36326003074646], [0.788968026638031, 0.6758731603622437, 0.49161407351493835], [3.139430046081543, -0.004305200185626745, 4.0974884033203125], [0.05297034978866577, 0.005145012401044369, 0.012677781283855438]]], "angles": [[[1.5703461170196533], [1.5701204538345337], [1.5706979036331177], [-0.0005916294758208096], [-0.00013538775965571404], [-0.9999391436576843]], [[1.5695993900299072], [1.5719088315963745], [6.203627708600834e-05], [0.0002308738767169416], [-8.57699997141026e-05], [-0.999966025352478]], [[-0.0005990791833028197], [-1.5715430974960327], [3.1411969661712646], [1.5688469409942627], [-0.00016186411085072905], [-1.0001925230026245]], [[-1.5727890729904175], [0.0002117450349032879], [0.0001146325230365619], [3.140784978866577], [0.0003033854009117931], [-0.0008168757194653153], [-1.0000410079956055]], [[0.00022898855968378484], [-1.5705194473266602], [-1.5743401050567627], [-0.00011678446753649041], [-1.0000927448272705]]],